"Category","FileName","SourcePath","TargetPath","Result","Message"
"biomes","acacia_caverns.yml","C:\Projects\Hydraxia2\biomes\biomes\caverns\underground_woodlands\acacia_caverns.yml","C:\Projects\ORIGEN2\biomes\biomes\caverns\underground_woodlands\acacia_caverns.yml","DRYRUN","Would copy (dry run)"
"biomes","andesite_caverns.yml","C:\Projects\Hydraxia2\biomes\biomes\caverns\andesite_caverns.yml","C:\Projects\ORIGEN2\biomes\biomes\caverns\andesite_caverns.yml","DRYRUN","Would copy (dry run)"
"biomes","arctic_mesa.yml","C:\Projects\Hydraxia2\biomes\biomes\arctic_mesa.yml","C:\Projects\ORIGEN2\biomes\biomes\arctic_mesa.yml","DRYRUN","Would copy (dry run)"
"biomes","arid_caverns.yml","C:\Projects\Hydraxia2\biomes\biomes\caverns\arid_caverns.yml","C:\Projects\ORIGEN2\biomes\biomes\caverns\arid_caverns.yml","DRYRUN","Would copy (dry run)"
"biomes","autumnal_caverns.yml","C:\Projects\Hydraxia2\biomes\biomes\caverns\underground_woodlands\autumnal_caverns.yml","C:\Projects\ORIGEN2\biomes\biomes\caverns\underground_woodlands\autumnal_caverns.yml","DRYRUN","Would copy (dry run)"
"biomes","autumnal_woodlands.yml","C:\Projects\Hydraxia2\biomes\biomes\woodlands\autumnal_woodlands.yml","C:\Projects\ORIGEN2\biomes\biomes\woodlands\autumnal_woodlands.yml","DRYRUN","Would copy (dry run)"
"biomes","barren_caverns.yml","C:\Projects\Hydraxia2\biomes\biomes\caverns\barren_caverns.yml","C:\Projects\ORIGEN2\biomes\biomes\caverns\barren_caverns.yml","DRYRUN","Would copy (dry run)"
"biomes","basalt_caverns.yml","C:\Projects\Hydraxia2\biomes\biomes\caverns\basalt_caverns.yml","C:\Projects\ORIGEN2\biomes\biomes\caverns\basalt_caverns.yml","DRYRUN","Would copy (dry run)"
"biomes","birch_caverns.yml","C:\Projects\Hydraxia2\biomes\biomes\caverns\underground_woodlands\birch_caverns.yml","C:\Projects\ORIGEN2\biomes\biomes\caverns\underground_woodlands\birch_caverns.yml","DRYRUN","Would copy (dry run)"
"biomes","birch_woodlands.yml","C:\Projects\Hydraxia2\biomes\biomes\woodlands\birch_woodlands.yml","C:\Projects\ORIGEN2\biomes\biomes\woodlands\birch_woodlands.yml","DRYRUN","Would copy (dry run)"
"biomes","bitter_heights.yml","C:\Projects\Hydraxia2\biomes\biomes\bitter_heights.yml","C:\Projects\ORIGEN2\biomes\biomes\bitter_heights.yml","DRYRUN","Would copy (dry run)"
"biomes","blackstone_caverns.yml","C:\Projects\Hydraxia2\biomes\biomes\caverns\blackstone_caverns.yml","C:\Projects\ORIGEN2\biomes\biomes\caverns\blackstone_caverns.yml","DRYRUN","Would copy (dry run)"
"biomes","calcite_caverns.yml","C:\Projects\Hydraxia2\biomes\biomes\caverns\calcite_caverns.yml","C:\Projects\ORIGEN2\biomes\biomes\caverns\calcite_caverns.yml","DRYRUN","Would copy (dry run)"
"biomes","chilly_creeks.yml","C:\Projects\Hydraxia2\biomes\biomes\water\chilly_creeks.yml","C:\Projects\ORIGEN2\biomes\biomes\water\chilly_creeks.yml","DRYRUN","Would copy (dry run)"
"biomes","crumbling_caverns.yml","C:\Projects\Hydraxia2\biomes\biomes\caverns\crumbling_caverns.yml","C:\Projects\ORIGEN2\biomes\biomes\caverns\crumbling_caverns.yml","DRYRUN","Would copy (dry run)"
"biomes","crystalline_caverns.yml","C:\Projects\Hydraxia2\biomes\biomes\caverns\crystalline_caverns.yml","C:\Projects\ORIGEN2\biomes\biomes\caverns\crystalline_caverns.yml","DRYRUN","Would copy (dry run)"
"biomes","dark_oak_caverns.yml","C:\Projects\Hydraxia2\biomes\biomes\caverns\underground_woodlands\dark_oak_caverns.yml","C:\Projects\ORIGEN2\biomes\biomes\caverns\underground_woodlands\dark_oak_caverns.yml","DRYRUN","Would copy (dry run)"
"biomes","dark_oak_woodlands.yml","C:\Projects\Hydraxia2\biomes\biomes\woodlands\dark_oak_woodlands.yml","C:\Projects\ORIGEN2\biomes\biomes\woodlands\dark_oak_woodlands.yml","DRYRUN","Would copy (dry run)"
"biomes","deposits_generic.yml","C:\Projects\Hydraxia2\biomes\ores\deposits_generic.yml","C:\Projects\ORIGEN2\biomes\ores\deposits_generic.yml","DRYRUN","Would copy (dry run)"
"biomes","deposits_river.yml","C:\Projects\Hydraxia2\biomes\ores\special\deposits_river.yml","C:\Projects\ORIGEN2\biomes\ores\special\deposits_river.yml","DRYRUN","Would copy (dry run)"
"biomes","diorite_caverns.yml","C:\Projects\Hydraxia2\biomes\biomes\caverns\diorite_caverns.yml","C:\Projects\ORIGEN2\biomes\biomes\caverns\diorite_caverns.yml","DRYRUN","Would copy (dry run)"
"biomes","drafty_streams.yml","C:\Projects\Hydraxia2\biomes\biomes\water\drafty_streams.yml","C:\Projects\ORIGEN2\biomes\biomes\water\drafty_streams.yml","DRYRUN","Would copy (dry run)"
"biomes","dripstone_barrens.yml","C:\Projects\Hydraxia2\biomes\biomes\dripstone_barrens.yml","C:\Projects\ORIGEN2\biomes\biomes\dripstone_barrens.yml","DRYRUN","Would copy (dry run)"
"biomes","dripstone_caverns.yml","C:\Projects\Hydraxia2\biomes\biomes\caverns\dripstone_caverns.yml","C:\Projects\ORIGEN2\biomes\biomes\caverns\dripstone_caverns.yml","DRYRUN","Would copy (dry run)"
"biomes","enchanted_caverns.yml","C:\Projects\Hydraxia2\biomes\biomes\caverns\underground_woodlands\enchanted_caverns.yml","C:\Projects\ORIGEN2\biomes\biomes\caverns\underground_woodlands\enchanted_caverns.yml","DRYRUN","Would copy (dry run)"
"biomes","enchanted_woodlands.yml","C:\Projects\Hydraxia2\biomes\biomes\woodlands\enchanted_woodlands.yml","C:\Projects\ORIGEN2\biomes\biomes\woodlands\enchanted_woodlands.yml","DRYRUN","Would copy (dry run)"
"biomes","eq_alpha_mountains.yml","C:\Projects\Hydraxia2\biomes\equations\eq_alpha_mountains.yml","C:\Projects\ORIGEN2\biomes\equations\eq_alpha_mountains.yml","DRYRUN","Would copy (dry run)"
"biomes","eq_bog.yml","C:\Projects\Hydraxia2\biomes\equations\eq_bog.yml","C:\Projects\ORIGEN2\biomes\equations\eq_bog.yml","DRYRUN","Would copy (dry run)"
"biomes","eq_boreal_peaks.yml","C:\Projects\Hydraxia2\biomes\equations\biome_specific\eq_boreal_peaks.yml","C:\Projects\ORIGEN2\biomes\equations\biome_specific\eq_boreal_peaks.yml","DRYRUN","Would copy (dry run)"
"biomes","eq_carving_land.yml","C:\Projects\Hydraxia2\biomes\equations\caverns\eq_carving_land.yml","C:\Projects\ORIGEN2\biomes\equations\caverns\eq_carving_land.yml","DRYRUN","Would copy (dry run)"
"biomes","eq_carving_ocean.yml","C:\Projects\Hydraxia2\biomes\equations\caverns\eq_carving_ocean.yml","C:\Projects\ORIGEN2\biomes\equations\caverns\eq_carving_ocean.yml","DRYRUN","Would copy (dry run)"
"biomes","eq_cave_biome.yml","C:\Projects\Hydraxia2\biomes\equations\caverns\eq_cave_biome.yml","C:\Projects\ORIGEN2\biomes\equations\caverns\eq_cave_biome.yml","DRYRUN","Would copy (dry run)"
"biomes","eq_chasms.yml","C:\Projects\Hydraxia2\biomes\equations\biome_specific\eq_chasms.yml","C:\Projects\ORIGEN2\biomes\equations\biome_specific\eq_chasms.yml","DRYRUN","Would copy (dry run)"
"biomes","eq_glacial_overhangs.yml","C:\Projects\Hydraxia2\biomes\equations\biome_specific\eq_glacial_overhangs.yml","C:\Projects\ORIGEN2\biomes\equations\biome_specific\eq_glacial_overhangs.yml","DRYRUN","Would copy (dry run)"
"biomes","eq_ocean_deep.yml","C:\Projects\Hydraxia2\biomes\equations\eq_ocean_deep.yml","C:\Projects\ORIGEN2\biomes\equations\eq_ocean_deep.yml","DRYRUN","Would copy (dry run)"
"biomes","eq_ocean_shallow.yml","C:\Projects\Hydraxia2\biomes\equations\eq_ocean_shallow.yml","C:\Projects\ORIGEN2\biomes\equations\eq_ocean_shallow.yml","DRYRUN","Would copy (dry run)"
"biomes","eq_plains.yml","C:\Projects\Hydraxia2\biomes\equations\eq_plains.yml","C:\Projects\ORIGEN2\biomes\equations\eq_plains.yml","DRYRUN","Would copy (dry run)"
"biomes","eq_river.yml","C:\Projects\Hydraxia2\biomes\equations\eq_river.yml","C:\Projects\ORIGEN2\biomes\equations\eq_river.yml","DRYRUN","Would copy (dry run)"
"biomes","eq_river.yml","C:\Projects\Hydraxia2\biomes\equations\biome_specific\rivers\eq_river.yml","C:\Projects\ORIGEN2\biomes\equations\biome_specific\rivers\eq_river.yml","DRYRUN","Would copy (dry run)"
"biomes","eq_small_mountains.yml","C:\Projects\Hydraxia2\biomes\equations\eq_small_mountains.yml","C:\Projects\ORIGEN2\biomes\equations\eq_small_mountains.yml","DRYRUN","Would copy (dry run)"
"biomes","eq_snowdrift_coasts.yml","C:\Projects\Hydraxia2\biomes\equations\biome_specific\eq_snowdrift_coasts.yml","C:\Projects\ORIGEN2\biomes\equations\biome_specific\eq_snowdrift_coasts.yml","DRYRUN","Would copy (dry run)"
"biomes","eq_terraced_mountain_river.yml","C:\Projects\Hydraxia2\biomes\equations\biome_specific\rivers\eq_terraced_mountain_river.yml","C:\Projects\ORIGEN2\biomes\equations\biome_specific\rivers\eq_terraced_mountain_river.yml","DRYRUN","Would copy (dry run)"
"biomes","eq_terraced_mountains.yml","C:\Projects\Hydraxia2\biomes\equations\eq_terraced_mountains.yml","C:\Projects\ORIGEN2\biomes\equations\eq_terraced_mountains.yml","DRYRUN","Would copy (dry run)"
"biomes","fir_highlands.yml","C:\Projects\Hydraxia2\biomes\biomes\fir_highlands.yml","C:\Projects\ORIGEN2\biomes\biomes\fir_highlands.yml","DRYRUN","Would copy (dry run)"
"biomes","frigid_wastelands.yml","C:\Projects\Hydraxia2\biomes\biomes\frigid_wastelands.yml","C:\Projects\ORIGEN2\biomes\biomes\frigid_wastelands.yml","DRYRUN","Would copy (dry run)"
"biomes","frostbite_rivers.yml","C:\Projects\Hydraxia2\biomes\biomes\water\frostbite_rivers.yml","C:\Projects\ORIGEN2\biomes\biomes\water\frostbite_rivers.yml","DRYRUN","Would copy (dry run)"
"biomes","frostbound_chasms.yml","C:\Projects\Hydraxia2\biomes\biomes\frostbound_chasms.yml","C:\Projects\ORIGEN2\biomes\biomes\frostbound_chasms.yml","DRYRUN","Would copy (dry run)"
"biomes","frostcoated_bog.yml","C:\Projects\Hydraxia2\biomes\biomes\frostcoated_bog.yml","C:\Projects\ORIGEN2\biomes\biomes\frostcoated_bog.yml","DRYRUN","Would copy (dry run)"
"biomes","frosted_caverns.yml","C:\Projects\Hydraxia2\biomes\biomes\caverns\frosted_caverns.yml","C:\Projects\ORIGEN2\biomes\biomes\caverns\frosted_caverns.yml","DRYRUN","Would copy (dry run)"
"biomes","frozen_spires.yml","C:\Projects\Hydraxia2\biomes\biomes\frozen_spires.yml","C:\Projects\ORIGEN2\biomes\biomes\frozen_spires.yml","DRYRUN","Would copy (dry run)"
"biomes","fungal_caverns.yml","C:\Projects\Hydraxia2\biomes\biomes\caverns\fungal_caverns.yml","C:\Projects\ORIGEN2\biomes\biomes\caverns\fungal_caverns.yml","DRYRUN","Would copy (dry run)"
"biomes","glacial_overhangs.yml","C:\Projects\Hydraxia2\biomes\biomes\glacial_overhangs.yml","C:\Projects\ORIGEN2\biomes\biomes\glacial_overhangs.yml","DRYRUN","Would copy (dry run)"
"biomes","granite_caverns.yml","C:\Projects\Hydraxia2\biomes\biomes\caverns\granite_caverns.yml","C:\Projects\ORIGEN2\biomes\biomes\caverns\granite_caverns.yml","DRYRUN","Would copy (dry run)"
"biomes","icebound_jungle.yml","C:\Projects\Hydraxia2\biomes\biomes\icebound_jungle.yml","C:\Projects\ORIGEN2\biomes\biomes\icebound_jungle.yml","DRYRUN","Would copy (dry run)"
"biomes","jungle_caverns.yml","C:\Projects\Hydraxia2\biomes\biomes\caverns\underground_woodlands\jungle_caverns.yml","C:\Projects\ORIGEN2\biomes\biomes\caverns\underground_woodlands\jungle_caverns.yml","DRYRUN","Would copy (dry run)"
"biomes","lavender_caverns.yml","C:\Projects\Hydraxia2\biomes\biomes\caverns\lavender_caverns.yml","C:\Projects\ORIGEN2\biomes\biomes\caverns\lavender_caverns.yml","DRYRUN","Would copy (dry run)"
"biomes","lavender_crags.yml","C:\Projects\Hydraxia2\biomes\biomes\lavender_crags.yml","C:\Projects\ORIGEN2\biomes\biomes\lavender_crags.yml","DRYRUN","Would copy (dry run)"
"biomes","lavender_fields.yml","C:\Projects\Hydraxia2\biomes\biomes\lavender_fields.yml","C:\Projects\ORIGEN2\biomes\biomes\lavender_fields.yml","DRYRUN","Would copy (dry run)"
"biomes","lush_caverns.yml","C:\Projects\Hydraxia2\biomes\biomes\caverns\lush_caverns.yml","C:\Projects\ORIGEN2\biomes\biomes\caverns\lush_caverns.yml","DRYRUN","Would copy (dry run)"
"biomes","magma_caverns.yml","C:\Projects\Hydraxia2\biomes\biomes\caverns\magma_caverns.yml","C:\Projects\ORIGEN2\biomes\biomes\caverns\magma_caverns.yml","DRYRUN","Would copy (dry run)"
"biomes","mangrove_caverns.yml","C:\Projects\Hydraxia2\biomes\biomes\caverns\underground_woodlands\mangrove_caverns.yml","C:\Projects\ORIGEN2\biomes\biomes\caverns\underground_woodlands\mangrove_caverns.yml","DRYRUN","Would copy (dry run)"
"biomes","maple_caverns.yml","C:\Projects\Hydraxia2\biomes\biomes\caverns\underground_woodlands\maple_caverns.yml","C:\Projects\ORIGEN2\biomes\biomes\caverns\underground_woodlands\maple_caverns.yml","DRYRUN","Would copy (dry run)"
"biomes","maple_woodlands.yml","C:\Projects\Hydraxia2\biomes\biomes\woodlands\maple_woodlands.yml","C:\Projects\ORIGEN2\biomes\biomes\woodlands\maple_woodlands.yml","DRYRUN","Would copy (dry run)"
"biomes","muskeg.yml","C:\Projects\Hydraxia2\biomes\biomes\muskeg.yml","C:\Projects\ORIGEN2\biomes\biomes\muskeg.yml","DRYRUN","Would copy (dry run)"
"biomes","oak_caverns.yml","C:\Projects\Hydraxia2\biomes\biomes\caverns\underground_woodlands\oak_caverns.yml","C:\Projects\ORIGEN2\biomes\biomes\caverns\underground_woodlands\oak_caverns.yml","DRYRUN","Would copy (dry run)"
"biomes","oak_woodlands.yml","C:\Projects\Hydraxia2\biomes\biomes\woodlands\oak_woodlands.yml","C:\Projects\ORIGEN2\biomes\biomes\woodlands\oak_woodlands.yml","DRYRUN","Would copy (dry run)"
"biomes","ores_diamond.yml","C:\Projects\Hydraxia2\biomes\ores\special\ores_diamond.yml","C:\Projects\ORIGEN2\biomes\ores\special\ores_diamond.yml","DRYRUN","Would copy (dry run)"
"biomes","ores_generic.yml","C:\Projects\Hydraxia2\biomes\ores\ores_generic.yml","C:\Projects\ORIGEN2\biomes\ores\ores_generic.yml","DRYRUN","Would copy (dry run)"
"biomes","ores_geode.yml","C:\Projects\Hydraxia2\biomes\ores\special\ores_geode.yml","C:\Projects\ORIGEN2\biomes\ores\special\ores_geode.yml","DRYRUN","Would copy (dry run)"
"biomes","ores_mountains.yml","C:\Projects\Hydraxia2\biomes\ores\special\ores_mountains.yml","C:\Projects\ORIGEN2\biomes\ores\special\ores_mountains.yml","DRYRUN","Would copy (dry run)"
"biomes","ores_redstone.yml","C:\Projects\Hydraxia2\biomes\ores\special\ores_redstone.yml","C:\Projects\ORIGEN2\biomes\ores\special\ores_redstone.yml","DRYRUN","Would copy (dry run)"
"biomes","permafrost_cliffs.yml","C:\Projects\Hydraxia2\biomes\biomes\permafrost_cliffs.yml","C:\Projects\ORIGEN2\biomes\biomes\permafrost_cliffs.yml","DRYRUN","Would copy (dry run)"
"biomes","redwood_woodlands.yml","C:\Projects\Hydraxia2\biomes\biomes\woodlands\redwood_woodlands.yml","C:\Projects\ORIGEN2\biomes\biomes\woodlands\redwood_woodlands.yml","DRYRUN","Would copy (dry run)"
"biomes","sakura_caverns.yml","C:\Projects\Hydraxia2\biomes\biomes\caverns\underground_woodlands\sakura_caverns.yml","C:\Projects\ORIGEN2\biomes\biomes\caverns\underground_woodlands\sakura_caverns.yml","DRYRUN","Would copy (dry run)"
"biomes","sakura_woodlands.yml","C:\Projects\Hydraxia2\biomes\biomes\woodlands\sakura_woodlands.yml","C:\Projects\ORIGEN2\biomes\biomes\woodlands\sakura_woodlands.yml","DRYRUN","Would copy (dry run)"
"biomes","sculk_caverns.yml","C:\Projects\Hydraxia2\biomes\biomes\caverns\sculk_caverns.yml","C:\Projects\ORIGEN2\biomes\biomes\caverns\sculk_caverns.yml","DRYRUN","Would copy (dry run)"
"biomes","sculk_swamp.yml","C:\Projects\Hydraxia2\biomes\biomes\sculk_swamp.yml","C:\Projects\ORIGEN2\biomes\biomes\sculk_swamp.yml","DRYRUN","Would copy (dry run)"
"biomes","searing_tors.yml","C:\Projects\Hydraxia2\biomes\biomes\searing_tors.yml","C:\Projects\ORIGEN2\biomes\biomes\searing_tors.yml","DRYRUN","Would copy (dry run)"
"biomes","snowdrift_coasts.yml","C:\Projects\Hydraxia2\biomes\biomes\water\snowdrift_coasts.yml","C:\Projects\ORIGEN2\biomes\biomes\water\snowdrift_coasts.yml","DRYRUN","Would copy (dry run)"
"biomes","snowswept_meadows.yml","C:\Projects\Hydraxia2\biomes\biomes\snowswept_meadows.yml","C:\Projects\ORIGEN2\biomes\biomes\snowswept_meadows.yml","DRYRUN","Would copy (dry run)"
"biomes","spruce_caverns.yml","C:\Projects\Hydraxia2\biomes\biomes\caverns\underground_woodlands\spruce_caverns.yml","C:\Projects\ORIGEN2\biomes\biomes\caverns\underground_woodlands\spruce_caverns.yml","DRYRUN","Would copy (dry run)"
"biomes","spruce_woodlands.yml","C:\Projects\Hydraxia2\biomes\biomes\woodlands\spruce_woodlands.yml","C:\Projects\ORIGEN2\biomes\biomes\woodlands\spruce_woodlands.yml","DRYRUN","Would copy (dry run)"
"biomes","stone_caverns.yml","C:\Projects\Hydraxia2\biomes\biomes\caverns\stone_caverns.yml","C:\Projects\ORIGEN2\biomes\biomes\caverns\stone_caverns.yml","DRYRUN","Would copy (dry run)"
"biomes","sugar_pine_woodlands.yml","C:\Projects\Hydraxia2\biomes\biomes\woodlands\sugar_pine_woodlands.yml","C:\Projects\ORIGEN2\biomes\biomes\woodlands\sugar_pine_woodlands.yml","DRYRUN","Would copy (dry run)"
"biomes","wintry_seas.yml","C:\Projects\Hydraxia2\biomes\biomes\water\wintry_seas.yml","C:\Projects\ORIGEN2\biomes\biomes\water\wintry_seas.yml","DRYRUN","Would copy (dry run)"
"biomes","wintry_waters.yml","C:\Projects\Hydraxia2\biomes\biomes\water\wintry_waters.yml","C:\Projects\ORIGEN2\biomes\biomes\water\wintry_waters.yml","DRYRUN","Would copy (dry run)"
"features","acacia_bushes.yml","C:\Projects\Hydraxia2\features\flora\bushes\acacia_bushes.yml","C:\Projects\ORIGEN2\features\flora\bushes\acacia_bushes.yml","DRYRUN","Would copy (dry run)"
"features","acacia_trees_caverns.yml","C:\Projects\Hydraxia2\features\trees\caverns\underground_woodlands\acacia_trees_caverns.yml","C:\Projects\ORIGEN2\features\trees\caverns\underground_woodlands\acacia_trees_caverns.yml","DRYRUN","Would copy (dry run)"
"features","allays.yml","C:\Projects\Hydraxia2\features\entities\allays.yml","C:\Projects\ORIGEN2\features\entities\allays.yml","DRYRUN","Would copy (dry run)"
"features","amethyst_cluster_strips.yml","C:\Projects\Hydraxia2\features\world_features\caverns\crystalline\amethyst_cluster_strips.yml","C:\Projects\ORIGEN2\features\world_features\caverns\crystalline\amethyst_cluster_strips.yml","DRYRUN","Would copy (dry run)"
"features","amethyst_clusters_calcite.yml","C:\Projects\Hydraxia2\features\flora\caverns\calcite\amethyst_clusters_calcite.yml","C:\Projects\ORIGEN2\features\flora\caverns\calcite\amethyst_clusters_calcite.yml","DRYRUN","Would copy (dry run)"
"features","amethyst_clusters.yml","C:\Projects\Hydraxia2\features\flora\caverns\crystalline\amethyst_clusters.yml","C:\Projects\ORIGEN2\features\flora\caverns\crystalline\amethyst_clusters.yml","DRYRUN","Would copy (dry run)"
"features","amethyst_geodes_high.yml","C:\Projects\Hydraxia2\features\ores\misc\amethyst_geodes_high.yml","C:\Projects\ORIGEN2\features\ores\misc\amethyst_geodes_high.yml","DRYRUN","Would copy (dry run)"
"features","amethyst_pillar.yml","C:\Projects\Hydraxia2\features\landforms\caverns\crystalline\amethyst_pillar.yml","C:\Projects\ORIGEN2\features\landforms\caverns\crystalline\amethyst_pillar.yml","DRYRUN","Would copy (dry run)"
"features","arid_leaf_bushes.yml","C:\Projects\Hydraxia2\features\flora\caverns\arid\arid_leaf_bushes.yml","C:\Projects\ORIGEN2\features\flora\caverns\arid\arid_leaf_bushes.yml","DRYRUN","Would copy (dry run)"
"features","autumnal_bushes.yml","C:\Projects\Hydraxia2\features\flora\bushes\autumnal_bushes.yml","C:\Projects\ORIGEN2\features\flora\bushes\autumnal_bushes.yml","DRYRUN","Would copy (dry run)"
"features","autumnal_trees_caverns.yml","C:\Projects\Hydraxia2\features\trees\caverns\underground_woodlands\autumnal_trees_caverns.yml","C:\Projects\ORIGEN2\features\trees\caverns\underground_woodlands\autumnal_trees_caverns.yml","DRYRUN","Would copy (dry run)"
"features","autumnal_trees.yml","C:\Projects\Hydraxia2\features\trees\autumnal_trees.yml","C:\Projects\ORIGEN2\features\trees\autumnal_trees.yml","DRYRUN","Would copy (dry run)"
"features","azalea_bushes.yml","C:\Projects\Hydraxia2\features\flora\bushes\azalea_bushes.yml","C:\Projects\ORIGEN2\features\flora\bushes\azalea_bushes.yml","DRYRUN","Would copy (dry run)"
"features","azalea_trees.yml","C:\Projects\Hydraxia2\features\trees\azalea_trees.yml","C:\Projects\ORIGEN2\features\trees\azalea_trees.yml","DRYRUN","Would copy (dry run)"
"features","bamboo_patches_caverns.yml","C:\Projects\Hydraxia2\features\trees\bamboo\bamboo_patches_caverns.yml","C:\Projects\ORIGEN2\features\trees\bamboo\bamboo_patches_caverns.yml","DRYRUN","Would copy (dry run)"
"features","barren_leaf_bushes.yml","C:\Projects\Hydraxia2\features\flora\caverns\barren\barren_leaf_bushes.yml","C:\Projects\ORIGEN2\features\flora\caverns\barren\barren_leaf_bushes.yml","DRYRUN","Would copy (dry run)"
"features","barrens_dripstone.yml","C:\Projects\Hydraxia2\features\landforms\barrens_dripstone.yml","C:\Projects\ORIGEN2\features\landforms\barrens_dripstone.yml","DRYRUN","Would copy (dry run)"
"features","basalt_deposits.yml","C:\Projects\Hydraxia2\features\ores\deposits\basalt_deposits.yml","C:\Projects\ORIGEN2\features\ores\deposits\basalt_deposits.yml","DRYRUN","Would copy (dry run)"
"features","basalt_patches.yml","C:\Projects\Hydraxia2\features\landforms\caverns\magma\basalt_patches.yml","C:\Projects\ORIGEN2\features\landforms\caverns\magma\basalt_patches.yml","DRYRUN","Would copy (dry run)"
"features","basalt_pillar.yml","C:\Projects\Hydraxia2\features\landforms\caverns\basalt\basalt_pillar.yml","C:\Projects\ORIGEN2\features\landforms\caverns\basalt\basalt_pillar.yml","DRYRUN","Would copy (dry run)"
"features","bats.yml","C:\Projects\Hydraxia2\features\entities\bats.yml","C:\Projects\ORIGEN2\features\entities\bats.yml","DRYRUN","Would copy (dry run)"
"features","berry_bush_patches.yml","C:\Projects\Hydraxia2\features\flora\crops\berry_bush_patches.yml","C:\Projects\ORIGEN2\features\flora\crops\berry_bush_patches.yml","DRYRUN","Would copy (dry run)"
"features","birch_bushes.yml","C:\Projects\Hydraxia2\features\flora\bushes\birch_bushes.yml","C:\Projects\ORIGEN2\features\flora\bushes\birch_bushes.yml","DRYRUN","Would copy (dry run)"
"features","birch_trees_dense.yml","C:\Projects\Hydraxia2\features\trees\birch_trees_dense.yml","C:\Projects\ORIGEN2\features\trees\birch_trees_dense.yml","DRYRUN","Would copy (dry run)"
"features","birch_trees_moderate_caverns.yml","C:\Projects\Hydraxia2\features\trees\caverns\underground_woodlands\birch_trees_moderate_caverns.yml","C:\Projects\ORIGEN2\features\trees\caverns\underground_woodlands\birch_trees_moderate_caverns.yml","DRYRUN","Would copy (dry run)"
"features","blazes.yml","C:\Projects\Hydraxia2\features\entities\blazes.yml","C:\Projects\ORIGEN2\features\entities\blazes.yml","DRYRUN","Would copy (dry run)"
"features","cacti_arid.yml","C:\Projects\Hydraxia2\features\flora\caverns\arid\cacti_arid.yml","C:\Projects\ORIGEN2\features\flora\caverns\arid\cacti_arid.yml","DRYRUN","Would copy (dry run)"
"features","cacti_barren.yml","C:\Projects\Hydraxia2\features\flora\caverns\barren\cacti_barren.yml","C:\Projects\ORIGEN2\features\flora\caverns\barren\cacti_barren.yml","DRYRUN","Would copy (dry run)"
"features","calcite_cavern_spike.yml","C:\Projects\Hydraxia2\features\landforms\caverns\crystalline\calcite_cavern_spike.yml","C:\Projects\ORIGEN2\features\landforms\caverns\crystalline\calcite_cavern_spike.yml","DRYRUN","Would copy (dry run)"
"features","calcite_spikes.yml","C:\Projects\Hydraxia2\features\landforms\calcite_spikes.yml","C:\Projects\ORIGEN2\features\landforms\calcite_spikes.yml","DRYRUN","Would copy (dry run)"
"features","caldera_dead_trees.yml","C:\Projects\Hydraxia2\features\trees\caldera_dead_trees.yml","C:\Projects\ORIGEN2\features\trees\caldera_dead_trees.yml","DRYRUN","Would copy (dry run)"
"features","cavern_ice_spikes_ceiling.yml","C:\Projects\Hydraxia2\features\landforms\caverns\frosted\cavern_ice_spikes_ceiling.yml","C:\Projects\ORIGEN2\features\landforms\caverns\frosted\cavern_ice_spikes_ceiling.yml","DRYRUN","Would copy (dry run)"
"features","cavern_ice_spikes_floor.yml","C:\Projects\Hydraxia2\features\landforms\caverns\frosted\cavern_ice_spikes_floor.yml","C:\Projects\ORIGEN2\features\landforms\caverns\frosted\cavern_ice_spikes_floor.yml","DRYRUN","Would copy (dry run)"
"features","cavern_mushrooms.yml","C:\Projects\Hydraxia2\features\flora\caverns\fungal\cavern_mushrooms.yml","C:\Projects\ORIGEN2\features\flora\caverns\fungal\cavern_mushrooms.yml","DRYRUN","Would copy (dry run)"
"features","cobblestone_deposits.yml","C:\Projects\Hydraxia2\features\ores\deposits\cobblestone_deposits.yml","C:\Projects\ORIGEN2\features\ores\deposits\cobblestone_deposits.yml","DRYRUN","Would copy (dry run)"
"features","common_mobs.yml","C:\Projects\Hydraxia2\features\entities\common_mobs.yml","C:\Projects\ORIGEN2\features\entities\common_mobs.yml","DRYRUN","Would copy (dry run)"
"features","crossing_vines_underground.yml","C:\Projects\Hydraxia2\features\flora\crossing_vines_underground.yml","C:\Projects\ORIGEN2\features\flora\crossing_vines_underground.yml","DRYRUN","Would copy (dry run)"
"features","dark_oak_bushes.yml","C:\Projects\Hydraxia2\features\flora\bushes\dark_oak_bushes.yml","C:\Projects\ORIGEN2\features\flora\bushes\dark_oak_bushes.yml","DRYRUN","Would copy (dry run)"
"features","dark_oak_trees_moderate_caverns.yml","C:\Projects\Hydraxia2\features\trees\caverns\underground_woodlands\dark_oak_trees_moderate_caverns.yml","C:\Projects\ORIGEN2\features\trees\caverns\underground_woodlands\dark_oak_trees_moderate_caverns.yml","DRYRUN","Would copy (dry run)"
"features","dark_oak_trees_moderate.yml","C:\Projects\Hydraxia2\features\trees\dark_oak_trees_moderate.yml","C:\Projects\ORIGEN2\features\trees\dark_oak_trees_moderate.yml","DRYRUN","Would copy (dry run)"
"features","dead_bushes_arid.yml","C:\Projects\Hydraxia2\features\flora\caverns\arid\dead_bushes_arid.yml","C:\Projects\ORIGEN2\features\flora\caverns\arid\dead_bushes_arid.yml","DRYRUN","Would copy (dry run)"
"features","dead_bushes_barren.yml","C:\Projects\Hydraxia2\features\flora\caverns\barren\dead_bushes_barren.yml","C:\Projects\ORIGEN2\features\flora\caverns\barren\dead_bushes_barren.yml","DRYRUN","Would copy (dry run)"
"features","dead_bushes_crumbling.yml","C:\Projects\Hydraxia2\features\flora\caverns\crumbling\dead_bushes_crumbling.yml","C:\Projects\ORIGEN2\features\flora\caverns\crumbling\dead_bushes_crumbling.yml","DRYRUN","Would copy (dry run)"
"features","dead_trees_large.yml","C:\Projects\Hydraxia2\features\trees\dead_trees_large.yml","C:\Projects\ORIGEN2\features\trees\dead_trees_large.yml","DRYRUN","Would copy (dry run)"
"features","dead_trees_moderate.yml","C:\Projects\Hydraxia2\features\trees\dead_trees_moderate.yml","C:\Projects\ORIGEN2\features\trees\dead_trees_moderate.yml","DRYRUN","Would copy (dry run)"
"features","diamond_ore_high.yml","C:\Projects\Hydraxia2\features\ores\ores\diamond_ore_high.yml","C:\Projects\ORIGEN2\features\ores\ores\diamond_ore_high.yml","DRYRUN","Would copy (dry run)"
"features","diamond_ore_veins.yml","C:\Projects\Hydraxia2\features\ores\ores\veins\diamond_ore_veins.yml","C:\Projects\ORIGEN2\features\ores\ores\veins\diamond_ore_veins.yml","DRYRUN","Would copy (dry run)"
"features","dolphins.yml","C:\Projects\Hydraxia2\features\entities\dolphins.yml","C:\Projects\ORIGEN2\features\entities\dolphins.yml","DRYRUN","Would copy (dry run)"
"features","dripstone_barren_trees.yml","C:\Projects\Hydraxia2\features\trees\dripstone_barren_trees.yml","C:\Projects\ORIGEN2\features\trees\dripstone_barren_trees.yml","DRYRUN","Would copy (dry run)"
"features","dripstone_spikes.yml","C:\Projects\Hydraxia2\features\landforms\dripstone_spikes.yml","C:\Projects\ORIGEN2\features\landforms\dripstone_spikes.yml","DRYRUN","Would copy (dry run)"
"features","emerald_ore_high.yml","C:\Projects\Hydraxia2\features\ores\ores\emerald_ore_high.yml","C:\Projects\ORIGEN2\features\ores\ores\emerald_ore_high.yml","DRYRUN","Would copy (dry run)"
"features","enchanted_trees_caverns.yml","C:\Projects\Hydraxia2\features\trees\caverns\underground_woodlands\enchanted_trees_caverns.yml","C:\Projects\ORIGEN2\features\trees\caverns\underground_woodlands\enchanted_trees_caverns.yml","DRYRUN","Would copy (dry run)"
"features","enchanted_trees.yml","C:\Projects\Hydraxia2\features\trees\enchanted_trees.yml","C:\Projects\ORIGEN2\features\trees\enchanted_trees.yml","DRYRUN","Would copy (dry run)"
"features","fir_trees.yml","C:\Projects\Hydraxia2\features\trees\fir_trees.yml","C:\Projects\ORIGEN2\features\trees\fir_trees.yml","DRYRUN","Would copy (dry run)"
"features","floating_amethyst.yml","C:\Projects\Hydraxia2\features\landforms\caverns\crystalline\floating_amethyst.yml","C:\Projects\ORIGEN2\features\landforms\caverns\crystalline\floating_amethyst.yml","DRYRUN","Would copy (dry run)"
"features","floor_dripstone.yml","C:\Projects\Hydraxia2\features\landforms\floor_dripstone.yml","C:\Projects\ORIGEN2\features\landforms\floor_dripstone.yml","DRYRUN","Would copy (dry run)"
"features","frogs.yml","C:\Projects\Hydraxia2\features\entities\frogs.yml","C:\Projects\ORIGEN2\features\entities\frogs.yml","DRYRUN","Would copy (dry run)"
"features","glowstone_spike.yml","C:\Projects\Hydraxia2\features\landforms\caverns\arid\glowstone_spike.yml","C:\Projects\ORIGEN2\features\landforms\caverns\arid\glowstone_spike.yml","DRYRUN","Would copy (dry run)"
"features","goats.yml","C:\Projects\Hydraxia2\features\entities\goats.yml","C:\Projects\ORIGEN2\features\entities\goats.yml","DRYRUN","Would copy (dry run)"
"features","horses.yml","C:\Projects\Hydraxia2\features\entities\horses.yml","C:\Projects\ORIGEN2\features\entities\horses.yml","DRYRUN","Would copy (dry run)"
"features","huge_mushrooms_caverns.yml","C:\Projects\Hydraxia2\features\trees\caverns\fungal\huge_mushrooms_caverns.yml","C:\Projects\ORIGEN2\features\trees\caverns\fungal\huge_mushrooms_caverns.yml","DRYRUN","Would copy (dry run)"
"features","ice_boulders.yml","C:\Projects\Hydraxia2\features\landforms\boulders\ice_boulders.yml","C:\Projects\ORIGEN2\features\landforms\boulders\ice_boulders.yml","DRYRUN","Would copy (dry run)"
"features","ice_pillar.yml","C:\Projects\Hydraxia2\features\landforms\caverns\frosted\ice_pillar.yml","C:\Projects\ORIGEN2\features\landforms\caverns\frosted\ice_pillar.yml","DRYRUN","Would copy (dry run)"
"features","ice_pillars_ceiling.yml","C:\Projects\Hydraxia2\features\landforms\ice_pillars_ceiling.yml","C:\Projects\ORIGEN2\features\landforms\ice_pillars_ceiling.yml","DRYRUN","Would copy (dry run)"
"features","ice_pillars.yml","C:\Projects\Hydraxia2\features\landforms\ice_pillars.yml","C:\Projects\ORIGEN2\features\landforms\ice_pillars.yml","DRYRUN","Would copy (dry run)"
"features","ice_spikes_moderate.yml","C:\Projects\Hydraxia2\features\landforms\ice_spikes\ice_spikes_moderate.yml","C:\Projects\ORIGEN2\features\landforms\ice_spikes\ice_spikes_moderate.yml","DRYRUN","Would copy (dry run)"
"features","ice_spikes_sparse.yml","C:\Projects\Hydraxia2\features\landforms\ice_spikes\ice_spikes_sparse.yml","C:\Projects\ORIGEN2\features\landforms\ice_spikes\ice_spikes_sparse.yml","DRYRUN","Would copy (dry run)"
"features","ice_trees.yml","C:\Projects\Hydraxia2\features\trees\ice_trees.yml","C:\Projects\ORIGEN2\features\trees\ice_trees.yml","DRYRUN","Would copy (dry run)"
"features","jungle_trees_caverns.yml","C:\Projects\Hydraxia2\features\trees\caverns\underground_woodlands\jungle_trees_caverns.yml","C:\Projects\ORIGEN2\features\trees\caverns\underground_woodlands\jungle_trees_caverns.yml","DRYRUN","Would copy (dry run)"
"features","lava_pools_mountain.yml","C:\Projects\Hydraxia2\features\world_features\lava_pools_mountain.yml","C:\Projects\ORIGEN2\features\world_features\lava_pools_mountain.yml","DRYRUN","Would copy (dry run)"
"features","lavender_flowers.yml","C:\Projects\Hydraxia2\features\flora\flowers\lavender_flowers.yml","C:\Projects\ORIGEN2\features\flora\flowers\lavender_flowers.yml","DRYRUN","Would copy (dry run)"
"features","lavender_trees_moderate_caverns.yml","C:\Projects\Hydraxia2\features\trees\caverns\lavender\lavender_trees_moderate_caverns.yml","C:\Projects\ORIGEN2\features\trees\caverns\lavender\lavender_trees_moderate_caverns.yml","DRYRUN","Would copy (dry run)"
"features","lavender_trees_moderate.yml","C:\Projects\Hydraxia2\features\trees\lavender_trees_moderate.yml","C:\Projects\ORIGEN2\features\trees\lavender_trees_moderate.yml","DRYRUN","Would copy (dry run)"
"features","lavender_trees_rare.yml","C:\Projects\Hydraxia2\features\trees\lavender_trees_rare.yml","C:\Projects\ORIGEN2\features\trees\lavender_trees_rare.yml","DRYRUN","Would copy (dry run)"
"features","magma_cave_lava_pillar.yml","C:\Projects\Hydraxia2\features\landforms\caverns\magma\magma_cave_lava_pillar.yml","C:\Projects\ORIGEN2\features\landforms\caverns\magma\magma_cave_lava_pillar.yml","DRYRUN","Would copy (dry run)"
"features","magma_cave_lava_pools.yml","C:\Projects\Hydraxia2\features\world_features\caverns\magma\magma_cave_lava_pools.yml","C:\Projects\ORIGEN2\features\world_features\caverns\magma\magma_cave_lava_pools.yml","DRYRUN","Would copy (dry run)"
"features","mangrove_trees_caverns.yml","C:\Projects\Hydraxia2\features\trees\caverns\underground_woodlands\mangrove_trees_caverns.yml","C:\Projects\ORIGEN2\features\trees\caverns\underground_woodlands\mangrove_trees_caverns.yml","DRYRUN","Would copy (dry run)"
"features","mangrove_water_pools.yml","C:\Projects\Hydraxia2\features\world_features\caverns\mangrove_caverns\mangrove_water_pools.yml","C:\Projects\ORIGEN2\features\world_features\caverns\mangrove_caverns\mangrove_water_pools.yml","DRYRUN","Would copy (dry run)"
"features","mossy_cobblestone_deposits.yml","C:\Projects\Hydraxia2\features\ores\deposits\mossy_cobblestone_deposits.yml","C:\Projects\ORIGEN2\features\ores\deposits\mossy_cobblestone_deposits.yml","DRYRUN","Would copy (dry run)"
"features","mud_deposits.yml","C:\Projects\Hydraxia2\features\ores\deposits\mud_deposits.yml","C:\Projects\ORIGEN2\features\ores\deposits\mud_deposits.yml","DRYRUN","Would copy (dry run)"
"features","mushroom_disks.yml","C:\Projects\Hydraxia2\features\landforms\caverns\fungal\mushroom_disks.yml","C:\Projects\ORIGEN2\features\landforms\caverns\fungal\mushroom_disks.yml","DRYRUN","Would copy (dry run)"
"features","mushrooms.yml","C:\Projects\Hydraxia2\features\flora\mushrooms.yml","C:\Projects\ORIGEN2\features\flora\mushrooms.yml","DRYRUN","Would copy (dry run)"
"features","oak_shrubs.yml","C:\Projects\Hydraxia2\features\flora\oak_shrubs.yml","C:\Projects\ORIGEN2\features\flora\oak_shrubs.yml","DRYRUN","Would copy (dry run)"
"features","oak_tree_big_dense.yml","C:\Projects\Hydraxia2\features\trees\oak_tree_big_dense.yml","C:\Projects\ORIGEN2\features\trees\oak_tree_big_dense.yml","DRYRUN","Would copy (dry run)"
"features","oak_trees_bog.yml","C:\Projects\Hydraxia2\features\trees\oak_trees_bog.yml","C:\Projects\ORIGEN2\features\trees\oak_trees_bog.yml","DRYRUN","Would copy (dry run)"
"features","oak_trees_dense.yml","C:\Projects\Hydraxia2\features\trees\oak_trees_dense.yml","C:\Projects\ORIGEN2\features\trees\oak_trees_dense.yml","DRYRUN","Would copy (dry run)"
"features","oak_trees_moderate_caverns.yml","C:\Projects\Hydraxia2\features\trees\caverns\underground_woodlands\oak_trees_moderate_caverns.yml","C:\Projects\ORIGEN2\features\trees\caverns\underground_woodlands\oak_trees_moderate_caverns.yml","DRYRUN","Would copy (dry run)"
"features","oak_trees_occasional.yml","C:\Projects\Hydraxia2\features\trees\oak_trees_occasional.yml","C:\Projects\ORIGEN2\features\trees\oak_trees_occasional.yml","DRYRUN","Would copy (dry run)"
"features","oak_trees_rare.yml","C:\Projects\Hydraxia2\features\trees\oak_trees_rare.yml","C:\Projects\ORIGEN2\features\trees\oak_trees_rare.yml","DRYRUN","Would copy (dry run)"
"features","ocelots.yml","C:\Projects\Hydraxia2\features\entities\ocelots.yml","C:\Projects\ORIGEN2\features\entities\ocelots.yml","DRYRUN","Would copy (dry run)"
"features","pandas.yml","C:\Projects\Hydraxia2\features\entities\pandas.yml","C:\Projects\ORIGEN2\features\entities\pandas.yml","DRYRUN","Would copy (dry run)"
"features","parrots.yml","C:\Projects\Hydraxia2\features\entities\parrots.yml","C:\Projects\ORIGEN2\features\entities\parrots.yml","DRYRUN","Would copy (dry run)"
"features","plantable.yml","C:\Projects\Hydraxia2\features\technical_crap\plantable\plantable.yml","C:\Projects\ORIGEN2\features\technical_crap\plantable\plantable.yml","DRYRUN","Would copy (dry run)"
"features","polar_bears.yml","C:\Projects\Hydraxia2\features\entities\polar_bears.yml","C:\Projects\ORIGEN2\features\entities\polar_bears.yml","DRYRUN","Would copy (dry run)"
"features","red_sand_deposits.yml","C:\Projects\Hydraxia2\features\ores\deposits\red_sand_deposits.yml","C:\Projects\ORIGEN2\features\ores\deposits\red_sand_deposits.yml","DRYRUN","Would copy (dry run)"
"features","redstone_ore_high.yml","C:\Projects\Hydraxia2\features\ores\ores\redstone_ore_high.yml","C:\Projects\ORIGEN2\features\ores\ores\redstone_ore_high.yml","DRYRUN","Would copy (dry run)"
"features","redwood_trees.yml","C:\Projects\Hydraxia2\features\trees\redwood_trees.yml","C:\Projects\ORIGEN2\features\trees\redwood_trees.yml","DRYRUN","Would copy (dry run)"
"features","sakura_trees_caverns.yml","C:\Projects\Hydraxia2\features\trees\caverns\underground_woodlands\sakura_trees_caverns.yml","C:\Projects\ORIGEN2\features\trees\caverns\underground_woodlands\sakura_trees_caverns.yml","DRYRUN","Would copy (dry run)"
"features","sand_deposits.yml","C:\Projects\Hydraxia2\features\ores\deposits\sand_deposits.yml","C:\Projects\ORIGEN2\features\ores\deposits\sand_deposits.yml","DRYRUN","Would copy (dry run)"
"features","sculk_tendrils.yml","C:\Projects\Hydraxia2\features\flora\sculk\sculk_tendrils.yml","C:\Projects\ORIGEN2\features\flora\sculk\sculk_tendrils.yml","DRYRUN","Would copy (dry run)"
"features","sculk_veins.yml","C:\Projects\Hydraxia2\features\flora\sculk\sculk_veins.yml","C:\Projects\ORIGEN2\features\flora\sculk\sculk_veins.yml","DRYRUN","Would copy (dry run)"
"features","shroomlight_ceiling_patches.yml","C:\Projects\Hydraxia2\features\flora\caverns\fungal\shroomlight_ceiling_patches.yml","C:\Projects\ORIGEN2\features\flora\caverns\fungal\shroomlight_ceiling_patches.yml","DRYRUN","Would copy (dry run)"
"features","slanted_calcite_spikes.yml","C:\Projects\Hydraxia2\features\landforms\slanted_calcite_spikes.yml","C:\Projects\ORIGEN2\features\landforms\slanted_calcite_spikes.yml","DRYRUN","Would copy (dry run)"
"features","slimes.yml","C:\Projects\Hydraxia2\features\entities\slimes.yml","C:\Projects\ORIGEN2\features\entities\slimes.yml","DRYRUN","Would copy (dry run)"
"features","small_calcite_boulder_patches.yml","C:\Projects\Hydraxia2\features\landforms\boulders\small_calcite_boulder_patches.yml","C:\Projects\ORIGEN2\features\landforms\boulders\small_calcite_boulder_patches.yml","DRYRUN","Would copy (dry run)"
"features","snow_layers_caverns.yml","C:\Projects\Hydraxia2\features\world_features\snow\snow_layers_caverns.yml","C:\Projects\ORIGEN2\features\world_features\snow\snow_layers_caverns.yml","DRYRUN","Would copy (dry run)"
"features","snow_layers_iceberg.yml","C:\Projects\Hydraxia2\features\world_features\snow\snow_layers_iceberg.yml","C:\Projects\ORIGEN2\features\world_features\snow\snow_layers_iceberg.yml","DRYRUN","Would copy (dry run)"
"features","snow_layers_near_lava.yml","C:\Projects\Hydraxia2\features\world_features\snow\snow_layers_near_lava.yml","C:\Projects\ORIGEN2\features\world_features\snow\snow_layers_near_lava.yml","DRYRUN","Would copy (dry run)"
"features","snow_layers_single_moderate.yml","C:\Projects\Hydraxia2\features\world_features\snow\snow_layers_single_moderate.yml","C:\Projects\ORIGEN2\features\world_features\snow\snow_layers_single_moderate.yml","DRYRUN","Would copy (dry run)"
"features","snow_layers_single_sparse.yml","C:\Projects\Hydraxia2\features\world_features\snow\snow_layers_single_sparse.yml","C:\Projects\ORIGEN2\features\world_features\snow\snow_layers_single_sparse.yml","DRYRUN","Would copy (dry run)"
"features","snow_layers_single.yml","C:\Projects\Hydraxia2\features\world_features\snow\snow_layers_single.yml","C:\Projects\ORIGEN2\features\world_features\snow\snow_layers_single.yml","DRYRUN","Would copy (dry run)"
"features","snow_plantable.yml","C:\Projects\Hydraxia2\features\technical_crap\plantable\snow_plantable.yml","C:\Projects\ORIGEN2\features\technical_crap\plantable\snow_plantable.yml","DRYRUN","Would copy (dry run)"
"features","sparse_grass.yml","C:\Projects\Hydraxia2\features\flora\sparse_grass.yml","C:\Projects\ORIGEN2\features\flora\sparse_grass.yml","DRYRUN","Would copy (dry run)"
"features","spawnable.yml","C:\Projects\Hydraxia2\features\technical_crap\plantable\spawnable.yml","C:\Projects\ORIGEN2\features\technical_crap\plantable\spawnable.yml","DRYRUN","Would copy (dry run)"
"features","spruce_trees_dense_caverns.yml","C:\Projects\Hydraxia2\features\trees\caverns\underground_woodlands\spruce_trees_dense_caverns.yml","C:\Projects\ORIGEN2\features\trees\caverns\underground_woodlands\spruce_trees_dense_caverns.yml","DRYRUN","Would copy (dry run)"
"features","spruce_trees_dense.yml","C:\Projects\Hydraxia2\features\trees\spruce_trees_dense.yml","C:\Projects\ORIGEN2\features\trees\spruce_trees_dense.yml","DRYRUN","Would copy (dry run)"
"features","spruce_trees_moderate.yml","C:\Projects\Hydraxia2\features\trees\spruce_trees_moderate.yml","C:\Projects\ORIGEN2\features\trees\spruce_trees_moderate.yml","DRYRUN","Would copy (dry run)"
"features","spruce_trees_sparse.yml","C:\Projects\Hydraxia2\features\trees\spruce_trees_sparse.yml","C:\Projects\ORIGEN2\features\trees\spruce_trees_sparse.yml","DRYRUN","Would copy (dry run)"
"features","stone_spikes.yml","C:\Projects\Hydraxia2\features\landforms\stone_spikes.yml","C:\Projects\ORIGEN2\features\landforms\stone_spikes.yml","DRYRUN","Would copy (dry run)"
"features","sugar_pine_trees.yml","C:\Projects\Hydraxia2\features\trees\sugar_pine_trees.yml","C:\Projects\ORIGEN2\features\trees\sugar_pine_trees.yml","DRYRUN","Would copy (dry run)"
"features","swamp_trees.yml","C:\Projects\Hydraxia2\features\trees\swamp_trees.yml","C:\Projects\ORIGEN2\features\trees\swamp_trees.yml","DRYRUN","Would copy (dry run)"
"features","swamp_water_pools.yml","C:\Projects\Hydraxia2\features\world_features\swamp\swamp_water_pools.yml","C:\Projects\ORIGEN2\features\world_features\swamp\swamp_water_pools.yml","DRYRUN","Would copy (dry run)"
"features","turtles.yml","C:\Projects\Hydraxia2\features\entities\turtles.yml","C:\Projects\ORIGEN2\features\entities\turtles.yml","DRYRUN","Would copy (dry run)"
"palettes","andesite_caverns_deepslate.yml","C:\Projects\Hydraxia2\palettes\caverns\andesite\andesite_caverns_deepslate.yml","C:\Projects\ORIGEN2\palettes\caverns\andesite\andesite_caverns_deepslate.yml","DRYRUN","Would copy (dry run)"
"palettes","andesite_caverns.yml","C:\Projects\Hydraxia2\palettes\caverns\andesite\andesite_caverns.yml","C:\Projects\ORIGEN2\palettes\caverns\andesite\andesite_caverns.yml","DRYRUN","Would copy (dry run)"
"palettes","arid_caverns_deepslate.yml","C:\Projects\Hydraxia2\palettes\caverns\arid\arid_caverns_deepslate.yml","C:\Projects\ORIGEN2\palettes\caverns\arid\arid_caverns_deepslate.yml","DRYRUN","Would copy (dry run)"
"palettes","arid_caverns.yml","C:\Projects\Hydraxia2\palettes\caverns\arid\arid_caverns.yml","C:\Projects\ORIGEN2\palettes\caverns\arid\arid_caverns.yml","DRYRUN","Would copy (dry run)"
"palettes","barren_caverns_deepslate.yml","C:\Projects\Hydraxia2\palettes\caverns\barren\barren_caverns_deepslate.yml","C:\Projects\ORIGEN2\palettes\caverns\barren\barren_caverns_deepslate.yml","DRYRUN","Would copy (dry run)"
"palettes","barren_caverns.yml","C:\Projects\Hydraxia2\palettes\caverns\barren\barren_caverns.yml","C:\Projects\ORIGEN2\palettes\caverns\barren\barren_caverns.yml","DRYRUN","Would copy (dry run)"
"palettes","basalt_caverns_deepslate.yml","C:\Projects\Hydraxia2\palettes\caverns\basalt\basalt_caverns_deepslate.yml","C:\Projects\ORIGEN2\palettes\caverns\basalt\basalt_caverns_deepslate.yml","DRYRUN","Would copy (dry run)"
"palettes","basalt_caverns.yml","C:\Projects\Hydraxia2\palettes\caverns\basalt\basalt_caverns.yml","C:\Projects\ORIGEN2\palettes\caverns\basalt\basalt_caverns.yml","DRYRUN","Would copy (dry run)"
"palettes","blackstone_caverns_deepslate.yml","C:\Projects\Hydraxia2\palettes\caverns\blackstone\blackstone_caverns_deepslate.yml","C:\Projects\ORIGEN2\palettes\caverns\blackstone\blackstone_caverns_deepslate.yml","DRYRUN","Would copy (dry run)"
"palettes","blackstone_caverns.yml","C:\Projects\Hydraxia2\palettes\caverns\blackstone\blackstone_caverns.yml","C:\Projects\ORIGEN2\palettes\caverns\blackstone\blackstone_caverns.yml","DRYRUN","Would copy (dry run)"
"palettes","bog.yml","C:\Projects\Hydraxia2\palettes\soil\bog.yml","C:\Projects\ORIGEN2\palettes\soil\bog.yml","DRYRUN","Would copy (dry run)"
"palettes","calcite_caverns_deepslate.yml","C:\Projects\Hydraxia2\palettes\caverns\calcite\calcite_caverns_deepslate.yml","C:\Projects\ORIGEN2\palettes\caverns\calcite\calcite_caverns_deepslate.yml","DRYRUN","Would copy (dry run)"
"palettes","calcite_caverns.yml","C:\Projects\Hydraxia2\palettes\caverns\calcite\calcite_caverns.yml","C:\Projects\ORIGEN2\palettes\caverns\calcite\calcite_caverns.yml","DRYRUN","Would copy (dry run)"
"palettes","crumbling_caverns_deepslate.yml","C:\Projects\Hydraxia2\palettes\caverns\crumbling\crumbling_caverns_deepslate.yml","C:\Projects\ORIGEN2\palettes\caverns\crumbling\crumbling_caverns_deepslate.yml","DRYRUN","Would copy (dry run)"
"palettes","crumbling_caverns.yml","C:\Projects\Hydraxia2\palettes\caverns\crumbling\crumbling_caverns.yml","C:\Projects\ORIGEN2\palettes\caverns\crumbling\crumbling_caverns.yml","DRYRUN","Would copy (dry run)"
"palettes","crystalline_caverns_deepslate.yml","C:\Projects\Hydraxia2\palettes\caverns\crystalline\crystalline_caverns_deepslate.yml","C:\Projects\ORIGEN2\palettes\caverns\crystalline\crystalline_caverns_deepslate.yml","DRYRUN","Would copy (dry run)"
"palettes","crystalline_caverns.yml","C:\Projects\Hydraxia2\palettes\caverns\crystalline\crystalline_caverns.yml","C:\Projects\ORIGEN2\palettes\caverns\crystalline\crystalline_caverns.yml","DRYRUN","Would copy (dry run)"
"palettes","deepslate_mix.yml","C:\Projects\Hydraxia2\palettes\stone\deepslate_mix.yml","C:\Projects\ORIGEN2\palettes\stone\deepslate_mix.yml","DRYRUN","Would copy (dry run)"
"palettes","diorite_caverns_deepslate.yml","C:\Projects\Hydraxia2\palettes\caverns\diorite\diorite_caverns_deepslate.yml","C:\Projects\ORIGEN2\palettes\caverns\diorite\diorite_caverns_deepslate.yml","DRYRUN","Would copy (dry run)"
"palettes","diorite_caverns.yml","C:\Projects\Hydraxia2\palettes\caverns\diorite\diorite_caverns.yml","C:\Projects\ORIGEN2\palettes\caverns\diorite\diorite_caverns.yml","DRYRUN","Would copy (dry run)"
"palettes","dripstone_barrens.yml","C:\Projects\Hydraxia2\palettes\soil\dripstone_barrens.yml","C:\Projects\ORIGEN2\palettes\soil\dripstone_barrens.yml","DRYRUN","Would copy (dry run)"
"palettes","dripstone_caverns_deepslate.yml","C:\Projects\Hydraxia2\palettes\caverns\dripstone\dripstone_caverns_deepslate.yml","C:\Projects\ORIGEN2\palettes\caverns\dripstone\dripstone_caverns_deepslate.yml","DRYRUN","Would copy (dry run)"
"palettes","dripstone_caverns.yml","C:\Projects\Hydraxia2\palettes\caverns\dripstone\dripstone_caverns.yml","C:\Projects\ORIGEN2\palettes\caverns\dripstone\dripstone_caverns.yml","DRYRUN","Would copy (dry run)"
"palettes","frosted_caverns_deepslate.yml","C:\Projects\Hydraxia2\palettes\caverns\frosted\frosted_caverns_deepslate.yml","C:\Projects\ORIGEN2\palettes\caverns\frosted\frosted_caverns_deepslate.yml","DRYRUN","Would copy (dry run)"
"palettes","frosted_caverns_near_lava.yml","C:\Projects\Hydraxia2\palettes\caverns\frosted\frosted_caverns_near_lava.yml","C:\Projects\ORIGEN2\palettes\caverns\frosted\frosted_caverns_near_lava.yml","DRYRUN","Would copy (dry run)"
"palettes","frosted_caverns.yml","C:\Projects\Hydraxia2\palettes\caverns\frosted\frosted_caverns.yml","C:\Projects\ORIGEN2\palettes\caverns\frosted\frosted_caverns.yml","DRYRUN","Would copy (dry run)"
"palettes","fungal_caverns_deepslate.yml","C:\Projects\Hydraxia2\palettes\caverns\fungal\fungal_caverns_deepslate.yml","C:\Projects\ORIGEN2\palettes\caverns\fungal\fungal_caverns_deepslate.yml","DRYRUN","Would copy (dry run)"
"palettes","fungal_caverns.yml","C:\Projects\Hydraxia2\palettes\caverns\fungal\fungal_caverns.yml","C:\Projects\ORIGEN2\palettes\caverns\fungal\fungal_caverns.yml","DRYRUN","Would copy (dry run)"
"palettes","granite_caverns_deepslate.yml","C:\Projects\Hydraxia2\palettes\caverns\granite\granite_caverns_deepslate.yml","C:\Projects\ORIGEN2\palettes\caverns\granite\granite_caverns_deepslate.yml","DRYRUN","Would copy (dry run)"
"palettes","granite_caverns.yml","C:\Projects\Hydraxia2\palettes\caverns\granite\granite_caverns.yml","C:\Projects\ORIGEN2\palettes\caverns\granite\granite_caverns.yml","DRYRUN","Would copy (dry run)"
"palettes","grass_calcite_deepslate_transition.yml","C:\Projects\Hydraxia2\palettes\caverns\lavender\grass_calcite_deepslate_transition.yml","C:\Projects\ORIGEN2\palettes\caverns\lavender\grass_calcite_deepslate_transition.yml","DRYRUN","Would copy (dry run)"
"palettes","grass_calcite_deepslate.yml","C:\Projects\Hydraxia2\palettes\caverns\lavender\grass_calcite_deepslate.yml","C:\Projects\ORIGEN2\palettes\caverns\lavender\grass_calcite_deepslate.yml","DRYRUN","Would copy (dry run)"
"palettes","grass_calcite.yml","C:\Projects\Hydraxia2\palettes\caverns\lavender\grass_calcite.yml","C:\Projects\ORIGEN2\palettes\caverns\lavender\grass_calcite.yml","DRYRUN","Would copy (dry run)"
"palettes","grass_deepslate_transition.yml","C:\Projects\Hydraxia2\palettes\caverns\grass_deepslate_transition.yml","C:\Projects\ORIGEN2\palettes\caverns\grass_deepslate_transition.yml","DRYRUN","Would copy (dry run)"
"palettes","grass_deepslate.yml","C:\Projects\Hydraxia2\palettes\caverns\grass_deepslate.yml","C:\Projects\ORIGEN2\palettes\caverns\grass_deepslate.yml","DRYRUN","Would copy (dry run)"
"palettes","grass_granite_deepslate_transition.yml","C:\Projects\Hydraxia2\palettes\caverns\grass_granite_deepslate_transition.yml","C:\Projects\ORIGEN2\palettes\caverns\grass_granite_deepslate_transition.yml","DRYRUN","Would copy (dry run)"
"palettes","grass_granite_deepslate.yml","C:\Projects\Hydraxia2\palettes\caverns\grass_granite_deepslate.yml","C:\Projects\ORIGEN2\palettes\caverns\grass_granite_deepslate.yml","DRYRUN","Would copy (dry run)"
"palettes","grass_granite.yml","C:\Projects\Hydraxia2\palettes\caverns\grass_granite.yml","C:\Projects\ORIGEN2\palettes\caverns\grass_granite.yml","DRYRUN","Would copy (dry run)"
"palettes","grass_isles.yml","C:\Projects\Hydraxia2\palettes\isles\grass_isles.yml","C:\Projects\ORIGEN2\palettes\isles\grass_isles.yml","DRYRUN","Would copy (dry run)"
"palettes","hot_stone_transition.yml","C:\Projects\Hydraxia2\palettes\stone\hot_stone_transition.yml","C:\Projects\ORIGEN2\palettes\stone\hot_stone_transition.yml","DRYRUN","Would copy (dry run)"
"palettes","hot_stone.yml","C:\Projects\Hydraxia2\palettes\stone\hot_stone.yml","C:\Projects\ORIGEN2\palettes\stone\hot_stone.yml","DRYRUN","Would copy (dry run)"
"palettes","ice_layers.yml","C:\Projects\Hydraxia2\palettes\cold\icy\ice_layers.yml","C:\Projects\ORIGEN2\palettes\cold\icy\ice_layers.yml","DRYRUN","Would copy (dry run)"
"palettes","ice_mix.yml","C:\Projects\Hydraxia2\palettes\cold\icy\ice_mix.yml","C:\Projects\ORIGEN2\palettes\cold\icy\ice_mix.yml","DRYRUN","Would copy (dry run)"
"palettes","ice_stone.yml","C:\Projects\Hydraxia2\palettes\cold\icy\ice_stone.yml","C:\Projects\ORIGEN2\palettes\cold\icy\ice_stone.yml","DRYRUN","Would copy (dry run)"
"palettes","isle_ice.yml","C:\Projects\Hydraxia2\palettes\isle_ice.yml","C:\Projects\ORIGEN2\palettes\isle_ice.yml","DRYRUN","Would copy (dry run)"
"palettes","isles_ice.yml","C:\Projects\Hydraxia2\palettes\isles\base_palette\isles_ice.yml","C:\Projects\ORIGEN2\palettes\isles\base_palette\isles_ice.yml","DRYRUN","Would copy (dry run)"
"palettes","lush_caverns_deepslate.yml","C:\Projects\Hydraxia2\palettes\caverns\lush\lush_caverns_deepslate.yml","C:\Projects\ORIGEN2\palettes\caverns\lush\lush_caverns_deepslate.yml","DRYRUN","Would copy (dry run)"
"palettes","lush_caverns.yml","C:\Projects\Hydraxia2\palettes\caverns\lush\lush_caverns.yml","C:\Projects\ORIGEN2\palettes\caverns\lush\lush_caverns.yml","DRYRUN","Would copy (dry run)"
"palettes","magma_caverns_deepslate.yml","C:\Projects\Hydraxia2\palettes\caverns\magma\magma_caverns_deepslate.yml","C:\Projects\ORIGEN2\palettes\caverns\magma\magma_caverns_deepslate.yml","DRYRUN","Would copy (dry run)"
"palettes","magma_caverns.yml","C:\Projects\Hydraxia2\palettes\caverns\magma\magma_caverns.yml","C:\Projects\ORIGEN2\palettes\caverns\magma\magma_caverns.yml","DRYRUN","Would copy (dry run)"
"palettes","mossy_stone_mix.yml","C:\Projects\Hydraxia2\palettes\stone\mossy_stone_mix.yml","C:\Projects\ORIGEN2\palettes\stone\mossy_stone_mix.yml","DRYRUN","Would copy (dry run)"
"palettes","mossy_stone.yml","C:\Projects\Hydraxia2\palettes\stone\mossy_stone.yml","C:\Projects\ORIGEN2\palettes\stone\mossy_stone.yml","DRYRUN","Would copy (dry run)"
"palettes","river_bank.yml","C:\Projects\Hydraxia2\palettes\river\river_bank.yml","C:\Projects\ORIGEN2\palettes\river\river_bank.yml","DRYRUN","Would copy (dry run)"
"palettes","river_mud.yml","C:\Projects\Hydraxia2\palettes\river\river_mud.yml","C:\Projects\ORIGEN2\palettes\river\river_mud.yml","DRYRUN","Would copy (dry run)"
"palettes","rock_layers.yml","C:\Projects\Hydraxia2\palettes\rock_layers.yml","C:\Projects\ORIGEN2\palettes\rock_layers.yml","DRYRUN","Would copy (dry run)"
"palettes","savannah_deepslate_transition.yml","C:\Projects\Hydraxia2\palettes\caverns\savannah_deepslate_transition.yml","C:\Projects\ORIGEN2\palettes\caverns\savannah_deepslate_transition.yml","DRYRUN","Would copy (dry run)"
"palettes","savannah_deepslate.yml","C:\Projects\Hydraxia2\palettes\caverns\savannah_deepslate.yml","C:\Projects\ORIGEN2\palettes\caverns\savannah_deepslate.yml","DRYRUN","Would copy (dry run)"
"palettes","savannah.yml","C:\Projects\Hydraxia2\palettes\soil\savannah.yml","C:\Projects\ORIGEN2\palettes\soil\savannah.yml","DRYRUN","Would copy (dry run)"
"palettes","sculk_caverns_deepslate.yml","C:\Projects\Hydraxia2\palettes\caverns\sculk\sculk_caverns_deepslate.yml","C:\Projects\ORIGEN2\palettes\caverns\sculk\sculk_caverns_deepslate.yml","DRYRUN","Would copy (dry run)"
"palettes","sculk_caverns.yml","C:\Projects\Hydraxia2\palettes\caverns\sculk\sculk_caverns.yml","C:\Projects\ORIGEN2\palettes\caverns\sculk\sculk_caverns.yml","DRYRUN","Would copy (dry run)"
"palettes","sculk_grass.yml","C:\Projects\Hydraxia2\palettes\soil\sculk_grass.yml","C:\Projects\ORIGEN2\palettes\soil\sculk_grass.yml","DRYRUN","Would copy (dry run)"
"palettes","sculk_swamp.yml","C:\Projects\Hydraxia2\palettes\soil\sculk_swamp.yml","C:\Projects\ORIGEN2\palettes\soil\sculk_swamp.yml","DRYRUN","Would copy (dry run)"
"palettes","snowy_grass_calcite.yml","C:\Projects\Hydraxia2\palettes\cold\snowy\snowy_grass_calcite.yml","C:\Projects\ORIGEN2\palettes\cold\snowy\snowy_grass_calcite.yml","DRYRUN","Would copy (dry run)"
"palettes","snowy_grass_isles.yml","C:\Projects\Hydraxia2\palettes\isles\snowy_grass_isles.yml","C:\Projects\ORIGEN2\palettes\isles\snowy_grass_isles.yml","DRYRUN","Would copy (dry run)"
"palettes","snowy_grass.yml","C:\Projects\Hydraxia2\palettes\cold\snowy\snowy_grass.yml","C:\Projects\ORIGEN2\palettes\cold\snowy\snowy_grass.yml","DRYRUN","Would copy (dry run)"
"palettes","snowy_ground.yml","C:\Projects\Hydraxia2\palettes\cold\snowy\snowy_ground.yml","C:\Projects\ORIGEN2\palettes\cold\snowy\snowy_ground.yml","DRYRUN","Would copy (dry run)"
"palettes","snowy_ice_isles.yml","C:\Projects\Hydraxia2\palettes\isles\snowy_ice_isles.yml","C:\Projects\ORIGEN2\palettes\isles\snowy_ice_isles.yml","DRYRUN","Would copy (dry run)"
"palettes","snowy_ice.yml","C:\Projects\Hydraxia2\palettes\cold\snowy\snowy_ice.yml","C:\Projects\ORIGEN2\palettes\cold\snowy\snowy_ice.yml","DRYRUN","Would copy (dry run)"
"palettes","snowy_marsh.yml","C:\Projects\Hydraxia2\palettes\cold\snowy\snowy_marsh.yml","C:\Projects\ORIGEN2\palettes\cold\snowy\snowy_marsh.yml","DRYRUN","Would copy (dry run)"
"palettes","snowy_swamp.yml","C:\Projects\Hydraxia2\palettes\cold\snowy\snowy_swamp.yml","C:\Projects\ORIGEN2\palettes\cold\snowy\snowy_swamp.yml","DRYRUN","Would copy (dry run)"
"palettes","snowy_taiga_deepslate_transition.yml","C:\Projects\Hydraxia2\palettes\caverns\snowy_taiga_deepslate_transition.yml","C:\Projects\ORIGEN2\palettes\caverns\snowy_taiga_deepslate_transition.yml","DRYRUN","Would copy (dry run)"
"palettes","snowy_taiga_deepslate.yml","C:\Projects\Hydraxia2\palettes\caverns\snowy_taiga_deepslate.yml","C:\Projects\ORIGEN2\palettes\caverns\snowy_taiga_deepslate.yml","DRYRUN","Would copy (dry run)"
"palettes","snowy_taiga_isles.yml","C:\Projects\Hydraxia2\palettes\isles\snowy_taiga_isles.yml","C:\Projects\ORIGEN2\palettes\isles\snowy_taiga_isles.yml","DRYRUN","Would copy (dry run)"
"palettes","snowy_taiga.yml","C:\Projects\Hydraxia2\palettes\cold\snowy\snowy_taiga.yml","C:\Projects\ORIGEN2\palettes\cold\snowy\snowy_taiga.yml","DRYRUN","Would copy (dry run)"
"palettes","snowy_tundra.yml","C:\Projects\Hydraxia2\palettes\cold\snowy\snowy_tundra.yml","C:\Projects\ORIGEN2\palettes\cold\snowy\snowy_tundra.yml","DRYRUN","Would copy (dry run)"
"palettes","stone_mix.yml","C:\Projects\Hydraxia2\palettes\stone\stone_mix.yml","C:\Projects\ORIGEN2\palettes\stone\stone_mix.yml","DRYRUN","Would copy (dry run)"
"palettes","swamp_grass_deepslate_transition.yml","C:\Projects\Hydraxia2\palettes\caverns\swamp_grass_deepslate_transition.yml","C:\Projects\ORIGEN2\palettes\caverns\swamp_grass_deepslate_transition.yml","DRYRUN","Would copy (dry run)"
"palettes","swamp_grass_deepslate.yml","C:\Projects\Hydraxia2\palettes\caverns\swamp_grass_deepslate.yml","C:\Projects\ORIGEN2\palettes\caverns\swamp_grass_deepslate.yml","DRYRUN","Would copy (dry run)"
"palettes","swamp_grass.yml","C:\Projects\Hydraxia2\palettes\soil\swamp_grass.yml","C:\Projects\ORIGEN2\palettes\soil\swamp_grass.yml","DRYRUN","Would copy (dry run)"
"palettes","white_stone_water.yml","C:\Projects\Hydraxia2\palettes\stone\white_stone_water.yml","C:\Projects\ORIGEN2\palettes\stone\white_stone_water.yml","DRYRUN","Would copy (dry run)"
"palettes","white_stone.yml","C:\Projects\Hydraxia2\palettes\stone\white_stone.yml","C:\Projects\ORIGEN2\palettes\stone\white_stone.yml","DRYRUN","Would copy (dry run)"
"structures","acacia_bush.tesf","C:\Projects\Hydraxia2\structures\flora\bushes\acacia_bush.tesf","C:\Projects\ORIGEN2\structures\flora\bushes\acacia_bush.tesf","DRYRUN","Would copy (dry run)"
"structures","acacia_tree_caverns.tesf","C:\Projects\Hydraxia2\structures\trees\caverns\underground_woodlands\acacia_tree_caverns.tesf","C:\Projects\ORIGEN2\structures\trees\caverns\underground_woodlands\acacia_tree_caverns.tesf","DRYRUN","Would copy (dry run)"
"structures","allays.tesf","C:\Projects\Hydraxia2\structures\entities\allays.tesf","C:\Projects\ORIGEN2\structures\entities\allays.tesf","DRYRUN","Would copy (dry run)"
"structures","amethyst_cluster_strips.tesf","C:\Projects\Hydraxia2\structures\world_features\caverns\crystalline\amethyst_cluster_strips.tesf","C:\Projects\ORIGEN2\structures\world_features\caverns\crystalline\amethyst_cluster_strips.tesf","DRYRUN","Would copy (dry run)"
"structures","amethyst_pillar.tesf","C:\Projects\Hydraxia2\structures\landforms\caverns\crystalline\amethyst_pillar.tesf","C:\Projects\ORIGEN2\structures\landforms\caverns\crystalline\amethyst_pillar.tesf","DRYRUN","Would copy (dry run)"
"structures","autumnal_bush.tesf","C:\Projects\Hydraxia2\structures\flora\bushes\autumnal_bush.tesf","C:\Projects\ORIGEN2\structures\flora\bushes\autumnal_bush.tesf","DRYRUN","Would copy (dry run)"
"structures","autumnal_tree_caverns.tesf","C:\Projects\Hydraxia2\structures\trees\caverns\underground_woodlands\autumnal_tree_caverns.tesf","C:\Projects\ORIGEN2\structures\trees\caverns\underground_woodlands\autumnal_tree_caverns.tesf","DRYRUN","Would copy (dry run)"
"structures","autumnal_tree.tesf","C:\Projects\Hydraxia2\structures\trees\autumnal_tree.tesf","C:\Projects\ORIGEN2\structures\trees\autumnal_tree.tesf","DRYRUN","Would copy (dry run)"
"structures","azalea_tree.tesf","C:\Projects\Hydraxia2\structures\trees\azalea_tree.tesf","C:\Projects\ORIGEN2\structures\trees\azalea_tree.tesf","DRYRUN","Would copy (dry run)"
"structures","bamboo_caverns.tesf","C:\Projects\Hydraxia2\structures\trees\bamboo\bamboo_caverns.tesf","C:\Projects\ORIGEN2\structures\trees\bamboo\bamboo_caverns.tesf","DRYRUN","Would copy (dry run)"
"structures","basalt_deposit.yml","C:\Projects\Hydraxia2\structures\ores\deposits\deposits\basalt_deposit.yml","C:\Projects\ORIGEN2\structures\ores\deposits\deposits\basalt_deposit.yml","DRYRUN","Would copy (dry run)"
"structures","basalt_patches.tesf","C:\Projects\Hydraxia2\structures\landforms\caverns\magma\basalt_patches.tesf","C:\Projects\ORIGEN2\structures\landforms\caverns\magma\basalt_patches.tesf","DRYRUN","Would copy (dry run)"
"structures","basalt_pillar.tesf","C:\Projects\Hydraxia2\structures\landforms\caverns\basalt\basalt_pillar.tesf","C:\Projects\ORIGEN2\structures\landforms\caverns\basalt\basalt_pillar.tesf","DRYRUN","Would copy (dry run)"
"structures","bats.tesf","C:\Projects\Hydraxia2\structures\entities\bats.tesf","C:\Projects\ORIGEN2\structures\entities\bats.tesf","DRYRUN","Would copy (dry run)"
"structures","berry_bush_patch.tesf","C:\Projects\Hydraxia2\structures\flora\crops\berry_bush_patch.tesf","C:\Projects\ORIGEN2\structures\flora\crops\berry_bush_patch.tesf","DRYRUN","Would copy (dry run)"
"structures","birch_bush.tesf","C:\Projects\Hydraxia2\structures\flora\bushes\birch_bush.tesf","C:\Projects\ORIGEN2\structures\flora\bushes\birch_bush.tesf","DRYRUN","Would copy (dry run)"
"structures","birch_tree_caverns.tesf","C:\Projects\Hydraxia2\structures\trees\caverns\underground_woodlands\birch_tree_caverns.tesf","C:\Projects\ORIGEN2\structures\trees\caverns\underground_woodlands\birch_tree_caverns.tesf","DRYRUN","Would copy (dry run)"
"structures","birch_tree.tesf","C:\Projects\Hydraxia2\structures\trees\birch_tree.tesf","C:\Projects\ORIGEN2\structures\trees\birch_tree.tesf","DRYRUN","Would copy (dry run)"
"structures","blazes.tesf","C:\Projects\Hydraxia2\structures\entities\blazes.tesf","C:\Projects\ORIGEN2\structures\entities\blazes.tesf","DRYRUN","Would copy (dry run)"
"structures","calcite_spike_small.tesf","C:\Projects\Hydraxia2\structures\landforms\calcite_spike_small.tesf","C:\Projects\ORIGEN2\structures\landforms\calcite_spike_small.tesf","DRYRUN","Would copy (dry run)"
"structures","calcite_spike.tesf","C:\Projects\Hydraxia2\structures\landforms\calcite_spike.tesf","C:\Projects\ORIGEN2\structures\landforms\calcite_spike.tesf","DRYRUN","Would copy (dry run)"
"structures","caldera_dead_tree.tesf","C:\Projects\Hydraxia2\structures\trees\caldera_dead_tree.tesf","C:\Projects\ORIGEN2\structures\trees\caldera_dead_tree.tesf","DRYRUN","Would copy (dry run)"
"structures","ceiling_pointed_dripstone.tesf","C:\Projects\Hydraxia2\structures\landforms\caverns\dripstone\ceiling_pointed_dripstone.tesf","C:\Projects\ORIGEN2\structures\landforms\caverns\dripstone\ceiling_pointed_dripstone.tesf","DRYRUN","Would copy (dry run)"
"structures","chickens.tesf","C:\Projects\Hydraxia2\structures\entities\chickens.tesf","C:\Projects\ORIGEN2\structures\entities\chickens.tesf","DRYRUN","Would copy (dry run)"
"structures","cobblestone_deposit.yml","C:\Projects\Hydraxia2\structures\ores\deposits\deposits\cobblestone_deposit.yml","C:\Projects\ORIGEN2\structures\ores\deposits\deposits\cobblestone_deposit.yml","DRYRUN","Would copy (dry run)"
"structures","cows.tesf","C:\Projects\Hydraxia2\structures\entities\cows.tesf","C:\Projects\ORIGEN2\structures\entities\cows.tesf","DRYRUN","Would copy (dry run)"
"structures","dark_oak_bush.tesf","C:\Projects\Hydraxia2\structures\flora\bushes\dark_oak_bush.tesf","C:\Projects\ORIGEN2\structures\flora\bushes\dark_oak_bush.tesf","DRYRUN","Would copy (dry run)"
"structures","dark_oak_tree_caverns.tesf","C:\Projects\Hydraxia2\structures\trees\caverns\underground_woodlands\dark_oak_tree_caverns.tesf","C:\Projects\ORIGEN2\structures\trees\caverns\underground_woodlands\dark_oak_tree_caverns.tesf","DRYRUN","Would copy (dry run)"
"structures","dark_oak_tree.tesf","C:\Projects\Hydraxia2\structures\trees\dark_oak_tree.tesf","C:\Projects\ORIGEN2\structures\trees\dark_oak_tree.tesf","DRYRUN","Would copy (dry run)"
"structures","dead_swamp_tree.tesf","C:\Projects\Hydraxia2\structures\trees\dead_swamp_tree.tesf","C:\Projects\ORIGEN2\structures\trees\dead_swamp_tree.tesf","DRYRUN","Would copy (dry run)"
"structures","dead_tree_large.tesf","C:\Projects\Hydraxia2\structures\trees\dead_tree_large.tesf","C:\Projects\ORIGEN2\structures\trees\dead_tree_large.tesf","DRYRUN","Would copy (dry run)"
"structures","dead_tree.tesf","C:\Projects\Hydraxia2\structures\trees\dead_tree.tesf","C:\Projects\ORIGEN2\structures\trees\dead_tree.tesf","DRYRUN","Would copy (dry run)"
"structures","dolphins.tesf","C:\Projects\Hydraxia2\structures\entities\dolphins.tesf","C:\Projects\ORIGEN2\structures\entities\dolphins.tesf","DRYRUN","Would copy (dry run)"
"structures","donkeys.tesf","C:\Projects\Hydraxia2\structures\entities\donkeys.tesf","C:\Projects\ORIGEN2\structures\entities\donkeys.tesf","DRYRUN","Would copy (dry run)"
"structures","dripstone_cluster.tesf","C:\Projects\Hydraxia2\structures\landforms\dripstone_finder\dripstone_cluster.tesf","C:\Projects\ORIGEN2\structures\landforms\dripstone_finder\dripstone_cluster.tesf","DRYRUN","Would copy (dry run)"
"structures","dripstone_finder.tesf","C:\Projects\Hydraxia2\structures\landforms\dripstone_finder\dripstone_finder.tesf","C:\Projects\ORIGEN2\structures\landforms\dripstone_finder\dripstone_finder.tesf","DRYRUN","Would copy (dry run)"
"structures","dripstone_spike.tesf","C:\Projects\Hydraxia2\structures\landforms\dripstone_spike.tesf","C:\Projects\ORIGEN2\structures\landforms\dripstone_spike.tesf","DRYRUN","Would copy (dry run)"
"structures","enchanted_tree_caverns.tesf","C:\Projects\Hydraxia2\structures\trees\caverns\underground_woodlands\enchanted_tree_caverns.tesf","C:\Projects\ORIGEN2\structures\trees\caverns\underground_woodlands\enchanted_tree_caverns.tesf","DRYRUN","Would copy (dry run)"
"structures","enchanted_tree.tesf","C:\Projects\Hydraxia2\structures\trees\enchanted_tree.tesf","C:\Projects\ORIGEN2\structures\trees\enchanted_tree.tesf","DRYRUN","Would copy (dry run)"
"structures","fir_leaves.tesf","C:\Projects\Hydraxia2\structures\trees\tree_deco\fir_leaves.tesf","C:\Projects\ORIGEN2\structures\trees\tree_deco\fir_leaves.tesf","DRYRUN","Would copy (dry run)"
"structures","fir_tree.tesf","C:\Projects\Hydraxia2\structures\trees\fir_tree.tesf","C:\Projects\ORIGEN2\structures\trees\fir_tree.tesf","DRYRUN","Would copy (dry run)"
"structures","floating_amethyst.tesf","C:\Projects\Hydraxia2\structures\landforms\caverns\crystalline\floating_amethyst.tesf","C:\Projects\ORIGEN2\structures\landforms\caverns\crystalline\floating_amethyst.tesf","DRYRUN","Would copy (dry run)"
"structures","floor_pointed_dripstone.tesf","C:\Projects\Hydraxia2\structures\landforms\caverns\dripstone\floor_pointed_dripstone.tesf","C:\Projects\ORIGEN2\structures\landforms\caverns\dripstone\floor_pointed_dripstone.tesf","DRYRUN","Would copy (dry run)"
"structures","frogs.tesf","C:\Projects\Hydraxia2\structures\entities\frogs.tesf","C:\Projects\ORIGEN2\structures\entities\frogs.tesf","DRYRUN","Would copy (dry run)"
"structures","glowstone_spike.tesf","C:\Projects\Hydraxia2\structures\landforms\caverns\arid\glowstone_spike.tesf","C:\Projects\ORIGEN2\structures\landforms\caverns\arid\glowstone_spike.tesf","DRYRUN","Would copy (dry run)"
"structures","goats.tesf","C:\Projects\Hydraxia2\structures\entities\goats.tesf","C:\Projects\ORIGEN2\structures\entities\goats.tesf","DRYRUN","Would copy (dry run)"
"structures","horses.tesf","C:\Projects\Hydraxia2\structures\entities\horses.tesf","C:\Projects\ORIGEN2\structures\entities\horses.tesf","DRYRUN","Would copy (dry run)"
"structures","huge_mushrooms.tesf","C:\Projects\Hydraxia2\structures\trees\caverns\fungal\huge_mushrooms.tesf","C:\Projects\ORIGEN2\structures\trees\caverns\fungal\huge_mushrooms.tesf","DRYRUN","Would copy (dry run)"
"structures","ice_boulder_palette.tesf","C:\Projects\Hydraxia2\structures\landforms\boulders\ice_boulder_palette.tesf","C:\Projects\ORIGEN2\structures\landforms\boulders\ice_boulder_palette.tesf","DRYRUN","Would copy (dry run)"
"structures","ice_boulder.tesf","C:\Projects\Hydraxia2\structures\landforms\boulders\ice_boulder.tesf","C:\Projects\ORIGEN2\structures\landforms\boulders\ice_boulder.tesf","DRYRUN","Would copy (dry run)"
"structures","ice_pillar.tesf","C:\Projects\Hydraxia2\structures\landforms\caverns\frosted\ice_pillar.tesf","C:\Projects\ORIGEN2\structures\landforms\caverns\frosted\ice_pillar.tesf","DRYRUN","Would copy (dry run)"
"structures","ice_protrude_ceiling.tesf","C:\Projects\Hydraxia2\structures\landforms\ice_protrude_ceiling.tesf","C:\Projects\ORIGEN2\structures\landforms\ice_protrude_ceiling.tesf","DRYRUN","Would copy (dry run)"
"structures","ice_protrude.tesf","C:\Projects\Hydraxia2\structures\landforms\ice_protrude.tesf","C:\Projects\ORIGEN2\structures\landforms\ice_protrude.tesf","DRYRUN","Would copy (dry run)"
"structures","ice_spike_huge.tesf","C:\Projects\Hydraxia2\structures\landforms\ice_spikes\ice_spike_huge.tesf","C:\Projects\ORIGEN2\structures\landforms\ice_spikes\ice_spike_huge.tesf","DRYRUN","Would copy (dry run)"
"structures","ice_spike_small_ceiling.tesf","C:\Projects\Hydraxia2\structures\landforms\ice_spikes\ice_spike_small_ceiling.tesf","C:\Projects\ORIGEN2\structures\landforms\ice_spikes\ice_spike_small_ceiling.tesf","DRYRUN","Would copy (dry run)"
"structures","ice_spike_small.tesf","C:\Projects\Hydraxia2\structures\landforms\ice_spikes\ice_spike_small.tesf","C:\Projects\ORIGEN2\structures\landforms\ice_spikes\ice_spike_small.tesf","DRYRUN","Would copy (dry run)"
"structures","ice_tree.tesf","C:\Projects\Hydraxia2\structures\trees\ice_tree.tesf","C:\Projects\ORIGEN2\structures\trees\ice_tree.tesf","DRYRUN","Would copy (dry run)"
"structures","jungle_tree_caverns.tesf","C:\Projects\Hydraxia2\structures\trees\caverns\underground_woodlands\jungle_tree_caverns.tesf","C:\Projects\ORIGEN2\structures\trees\caverns\underground_woodlands\jungle_tree_caverns.tesf","DRYRUN","Would copy (dry run)"
"structures","jungle_tree.tesf","C:\Projects\Hydraxia2\structures\trees\jungle_tree.tesf","C:\Projects\ORIGEN2\structures\trees\jungle_tree.tesf","DRYRUN","Would copy (dry run)"
"structures","large_autumnal_tree.tesf","C:\Projects\Hydraxia2\structures\trees\large_autumnal_tree.tesf","C:\Projects\ORIGEN2\structures\trees\large_autumnal_tree.tesf","DRYRUN","Would copy (dry run)"
"structures","large_azalea_tree.tesf","C:\Projects\Hydraxia2\structures\trees\large_azalea_tree.tesf","C:\Projects\ORIGEN2\structures\trees\large_azalea_tree.tesf","DRYRUN","Would copy (dry run)"
"structures","large_birch_tree.tesf","C:\Projects\Hydraxia2\structures\trees\large_birch_tree.tesf","C:\Projects\ORIGEN2\structures\trees\large_birch_tree.tesf","DRYRUN","Would copy (dry run)"
"structures","large_dark_oak_tree.tesf","C:\Projects\Hydraxia2\structures\trees\large_dark_oak_tree.tesf","C:\Projects\ORIGEN2\structures\trees\large_dark_oak_tree.tesf","DRYRUN","Would copy (dry run)"
"structures","large_oak_tree_2.tesf","C:\Projects\Hydraxia2\structures\trees\large_oak_tree_2.tesf","C:\Projects\ORIGEN2\structures\trees\large_oak_tree_2.tesf","DRYRUN","Would copy (dry run)"
"structures","lavender_tree_caverns.tesf","C:\Projects\Hydraxia2\structures\trees\caverns\lavender\lavender_tree_caverns.tesf","C:\Projects\ORIGEN2\structures\trees\caverns\lavender\lavender_tree_caverns.tesf","DRYRUN","Would copy (dry run)"
"structures","lavender_tree.tesf","C:\Projects\Hydraxia2\structures\trees\lavender_tree.tesf","C:\Projects\ORIGEN2\structures\trees\lavender_tree.tesf","DRYRUN","Would copy (dry run)"
"structures","magma_cave_lava_pillar.tesf","C:\Projects\Hydraxia2\structures\world_features\caverns\magma\magma_cave_lava_pillar.tesf","C:\Projects\ORIGEN2\structures\world_features\caverns\magma\magma_cave_lava_pillar.tesf","DRYRUN","Would copy (dry run)"
"structures","mangrove_tree_caverns.tesf","C:\Projects\Hydraxia2\structures\trees\caverns\underground_woodlands\mangrove_tree_caverns.tesf","C:\Projects\ORIGEN2\structures\trees\caverns\underground_woodlands\mangrove_tree_caverns.tesf","DRYRUN","Would copy (dry run)"
"structures","mooshrooms.tesf","C:\Projects\Hydraxia2\structures\entities\mooshrooms.tesf","C:\Projects\ORIGEN2\structures\entities\mooshrooms.tesf","DRYRUN","Would copy (dry run)"
"structures","mossy_cobblestone_deposit.yml","C:\Projects\Hydraxia2\structures\ores\deposits\deposits\mossy_cobblestone_deposit.yml","C:\Projects\ORIGEN2\structures\ores\deposits\deposits\mossy_cobblestone_deposit.yml","DRYRUN","Would copy (dry run)"
"structures","mud_deposit.yml","C:\Projects\Hydraxia2\structures\ores\deposits\deposits\mud_deposit.yml","C:\Projects\ORIGEN2\structures\ores\deposits\deposits\mud_deposit.yml","DRYRUN","Would copy (dry run)"
"structures","mushroom_disks.tesf","C:\Projects\Hydraxia2\structures\landforms\caverns\fungal\mushroom_disks.tesf","C:\Projects\ORIGEN2\structures\landforms\caverns\fungal\mushroom_disks.tesf","DRYRUN","Would copy (dry run)"
"structures","oak_shrub.tesf","C:\Projects\Hydraxia2\structures\flora\oak_shrub.tesf","C:\Projects\ORIGEN2\structures\flora\oak_shrub.tesf","DRYRUN","Would copy (dry run)"
"structures","oak_tree_caverns.tesf","C:\Projects\Hydraxia2\structures\trees\caverns\underground_woodlands\oak_tree_caverns.tesf","C:\Projects\ORIGEN2\structures\trees\caverns\underground_woodlands\oak_tree_caverns.tesf","DRYRUN","Would copy (dry run)"
"structures","oak_tree.tesf","C:\Projects\Hydraxia2\structures\trees\oak_tree.tesf","C:\Projects\ORIGEN2\structures\trees\oak_tree.tesf","DRYRUN","Would copy (dry run)"
"structures","ocelots.tesf","C:\Projects\Hydraxia2\structures\entities\ocelots.tesf","C:\Projects\ORIGEN2\structures\entities\ocelots.tesf","DRYRUN","Would copy (dry run)"
"structures","pandas.tesf","C:\Projects\Hydraxia2\structures\entities\pandas.tesf","C:\Projects\ORIGEN2\structures\entities\pandas.tesf","DRYRUN","Would copy (dry run)"
"structures","parrots.tesf","C:\Projects\Hydraxia2\structures\entities\parrots.tesf","C:\Projects\ORIGEN2\structures\entities\parrots.tesf","DRYRUN","Would copy (dry run)"
"structures","pigs.tesf","C:\Projects\Hydraxia2\structures\entities\pigs.tesf","C:\Projects\ORIGEN2\structures\entities\pigs.tesf","DRYRUN","Would copy (dry run)"
"structures","polar_bears.tesf","C:\Projects\Hydraxia2\structures\entities\polar_bears.tesf","C:\Projects\ORIGEN2\structures\entities\polar_bears.tesf","DRYRUN","Would copy (dry run)"
"structures","red_sand_deposit.yml","C:\Projects\Hydraxia2\structures\ores\deposits\deposits\red_sand_deposit.yml","C:\Projects\ORIGEN2\structures\ores\deposits\deposits\red_sand_deposit.yml","DRYRUN","Would copy (dry run)"
"structures","redwood_tree.tesf","C:\Projects\Hydraxia2\structures\trees\redwood_tree.tesf","C:\Projects\ORIGEN2\structures\trees\redwood_tree.tesf","DRYRUN","Would copy (dry run)"
"structures","sand_deposit.yml","C:\Projects\Hydraxia2\structures\ores\deposits\deposits\sand_deposit.yml","C:\Projects\ORIGEN2\structures\ores\deposits\deposits\sand_deposit.yml","DRYRUN","Would copy (dry run)"
"structures","sheep.tesf","C:\Projects\Hydraxia2\structures\entities\sheep.tesf","C:\Projects\ORIGEN2\structures\entities\sheep.tesf","DRYRUN","Would copy (dry run)"
"structures","shroomlight_ceiling.tesf","C:\Projects\Hydraxia2\structures\flora\caverns\fungal\shroomlight_ceiling.tesf","C:\Projects\ORIGEN2\structures\flora\caverns\fungal\shroomlight_ceiling.tesf","DRYRUN","Would copy (dry run)"
"structures","slanted_calcite_spike.tesf","C:\Projects\Hydraxia2\structures\landforms\slanted_calcite_spike.tesf","C:\Projects\ORIGEN2\structures\landforms\slanted_calcite_spike.tesf","DRYRUN","Would copy (dry run)"
"structures","slimes.tesf","C:\Projects\Hydraxia2\structures\entities\slimes.tesf","C:\Projects\ORIGEN2\structures\entities\slimes.tesf","DRYRUN","Would copy (dry run)"
"structures","small_calcite_boulder.tesf","C:\Projects\Hydraxia2\structures\landforms\boulders\small_calcite_boulder.tesf","C:\Projects\ORIGEN2\structures\landforms\boulders\small_calcite_boulder.tesf","DRYRUN","Would copy (dry run)"
"structures","snow_layers_iceberg.tesf","C:\Projects\Hydraxia2\structures\world_features\snow\snow_layers_iceberg.tesf","C:\Projects\ORIGEN2\structures\world_features\snow\snow_layers_iceberg.tesf","DRYRUN","Would copy (dry run)"
"structures","snow_layers_single.tesf","C:\Projects\Hydraxia2\structures\world_features\snow\snow_layers_single.tesf","C:\Projects\ORIGEN2\structures\world_features\snow\snow_layers_single.tesf","DRYRUN","Would copy (dry run)"
"structures","spruce_tree_caverns.tesf","C:\Projects\Hydraxia2\structures\trees\caverns\underground_woodlands\spruce_tree_caverns.tesf","C:\Projects\ORIGEN2\structures\trees\caverns\underground_woodlands\spruce_tree_caverns.tesf","DRYRUN","Would copy (dry run)"
"structures","spruce_tree.tesf","C:\Projects\Hydraxia2\structures\trees\spruce_tree.tesf","C:\Projects\ORIGEN2\structures\trees\spruce_tree.tesf","DRYRUN","Would copy (dry run)"
"structures","stalactite.tesf","C:\Projects\Hydraxia2\structures\landforms\dripstone_finder\stalactite.tesf","C:\Projects\ORIGEN2\structures\landforms\dripstone_finder\stalactite.tesf","DRYRUN","Would copy (dry run)"
"structures","stalagmite.tesf","C:\Projects\Hydraxia2\structures\landforms\dripstone_finder\stalagmite.tesf","C:\Projects\ORIGEN2\structures\landforms\dripstone_finder\stalagmite.tesf","DRYRUN","Would copy (dry run)"
"structures","sugar_pine_tree.tesf","C:\Projects\Hydraxia2\structures\trees\sugar_pine_tree.tesf","C:\Projects\ORIGEN2\structures\trees\sugar_pine_tree.tesf","DRYRUN","Would copy (dry run)"
"structures","swamp_tree.tesf","C:\Projects\Hydraxia2\structures\trees\swamp_tree.tesf","C:\Projects\ORIGEN2\structures\trees\swamp_tree.tesf","DRYRUN","Would copy (dry run)"
"structures","thin_autumnal_tree.tesf","C:\Projects\Hydraxia2\structures\trees\thin_autumnal_tree.tesf","C:\Projects\ORIGEN2\structures\trees\thin_autumnal_tree.tesf","DRYRUN","Would copy (dry run)"
"structures","turtles.tesf","C:\Projects\Hydraxia2\structures\entities\turtles.tesf","C:\Projects\ORIGEN2\structures\entities\turtles.tesf","DRYRUN","Would copy (dry run)"
